name,zip,dollar,pick,date
Brett Cortez,40192,$2967.52,BLUE,11/19/1912
Lewis Hall,31524,$863.21,WHITE,10/16/1950
Garrett McKenzie,62502,$4640.96,RED,09/07/1983
Fanny Baldwin,82599,$6630.74,GREEN,03/30/1927
Elmer Morton,00362,$7304.30,YELLOW,07/10/1968
Evelyn Harrington,40436,$2716.82,YELLOW,12/05/1987
Nicholas Lawrence,78450,$3439.23,GREEN,05/07/1947
Edward Ray,46515,$8929.47,GREEN,08/24/2057
Stephen Newton,95301,$8075.50,GREEN,07/16/1941
Bryan Strickland,12122,$5082.66,BLUE,10/09/2049
Maude McKinney,38355,$6608.38,GREEN,03/11/2032
Cecilia Olson,56195,$5913.80,BLUE,01/29/2046
Carrie Diaz,72252,$3532.38,RED,09/06/1903
Owen Lawson,99566,$6149.76,GREEN,09/22/1973
Lora Fisher,59538,$2687.77,GREEN,03/26/1928
Alexander Holloway,67407,$3548.00,GREEN,04/06/2065
Luke Oliver,24091,$434.59,RED,04/28/2040
Alma Harris,95318,$8882.70,BLUE,08/11/1918
Stephen Duncan,81797,$6365.42,YELLOW,03/30/2029
David Lyons,64910,$1006.78,YELLOW,03/02/2068
Jack Lee,11399,$3530.51,YELLOW,06/16/2011
Steven Lawson,59997,$2145.04,WHITE,10/31/2064
Irene Adams,12904,$637.60,YELLOW,02/21/1916
Betty Hughes,13736,$4137.52,RED,05/04/2047
Roger Oliver,66346,$4377.78,BLUE,11/04/1905
Lura Bailey,86555,$8103.37,WHITE,10/25/2035
Caleb Ryan,91694,$8607.43,RED,07/20/1944
Pauline Smith,37289,$1953.35,YELLOW,09/09/2043
Theresa Tucker,94609,$3513.93,RED,09/24/2022
Daniel Harrison,85467,$3435.66,RED,08/20/2020
Jay Gilbert,95772,$4451.89,GREEN,03/19/1951
Cordelia Reeves,82783,$5859.37,BLUE,01/21/2008
Jay Warner,87928,$301.77,RED,11/02/1925
Roger Ballard,02990,$4469.80,WHITE,12/12/1984
Logan Abbott,15590,$6007.11,RED,07/19/1900
Stephen Morgan,22057,$3451.93,RED,05/29/1981
Eliza Carroll,94703,$250.66,YELLOW,01/08/1981
Cory Pierce,66328,$723.42,YELLOW,05/12/1945
Gary Rose,95987,$2670.24,RED,12/30/2032
Alfred Rhodes,76935,$7139.22,GREEN,06/19/1920
Addie Neal,55924,$5847.27,RED,07/27/1945
Mamie Stevenson,90609,$2045.62,RED,04/10/2046
Betty Garner,65975,$17.66,WHITE,01/18/1941
Effie Weaver,88525,$6466.62,BLUE,08/14/2055
Justin Kelly,13974,$2581.13,BLUE,02/04/1954
Adeline Jordan,76651,$3787.44,GREEN,10/25/2048
Lizzie Harvey,23581,$2177.97,RED,06/23/1915
Sallie Casey,82555,$7693.89,RED,11/21/1965
Carlos Barnes,24574,$285.67,GREEN,10/28/2010
Jennie Rowe,31437,$4265.14,YELLOW,03/09/1939
Allen Logan,07057,$8878.29,RED,01/27/1988
Samuel Atkins,31183,$4683.42,GREEN,07/12/2024
Lucille Patrick,99247,$2444.87,BLUE,04/13/1982
Nellie Parks,67955,$6915.16,BLUE,01/17/2037
Billy Griffin,20506,$3142.41,RED,04/25/1943
Julian Greene,71695,$9900.82,WHITE,05/28/2033
Oscar Webster,52621,$4092.49,YELLOW,10/30/2046
Johanna Thornton,13328,$9050.09,YELLOW,07/05/2023
Darrell Miller,89793,$4545.89,BLUE,05/09/2051
Pauline Mendoza,18439,$5191.35,BLUE,06/15/2043
Irene Clayton,53665,$6765.30,GREEN,07/20/1988
Evan Anderson,69848,$1853.70,YELLOW,03/19/1905
Jorge King,33339,$7000.73,BLUE,11/17/2062
Sarah Gonzalez,58972,$1571.43,RED,05/24/1931
Alvin Saunders,75246,$540.35,GREEN,08/17/1990
David Peters,24006,$2353.16,WHITE,02/21/2022
Howard Reed,88214,$3848.74,WHITE,08/14/1961
Tommy Pearson,27497,$4259.62,WHITE,07/12/2062
Rose Copeland,75802,$4350.35,RED,04/14/1916
Connor Fleming,58284,$6166.02,BLUE,05/29/2011
Edgar Ward,77613,$9888.12,WHITE,06/08/1909
Mattie Walton,59267,$7479.79,YELLOW,02/25/1954
Herman Allison,87923,$2296.23,YELLOW,01/27/1966
Chester Wells,34325,$4960.84,BLUE,08/02/2052
Ronald Shelton,74536,$6372.62,BLUE,02/02/1917
Barbara Roberts,91124,$8502.28,RED,07/01/1963
Gene Hayes,87461,$2563.80,BLUE,11/15/2014
Genevieve Lamb,10221,$8198.66,BLUE,12/01/2033
Lou Phelps,98092,$6645.27,GREEN,04/11/1931
Gordon Herrera,13546,$2439.47,WHITE,03/14/2062
Adeline Huff,95219,$5921.23,WHITE,09/14/1940
Lulu Burke,50892,$4190.73,WHITE,12/27/1984
Clayton Romero,46869,$9341.32,BLUE,04/25/1968
Callie Jones,93360,$903.53,RED,10/21/1924
Theresa Rodriquez,09850,$6215.83,RED,09/27/1949
Vincent Freeman,92926,$9442.82,WHITE,02/08/2005
Marguerite Boyd,81291,$5678.28,RED,06/28/1998
Margaret Ruiz,13945,$9999.93,GREEN,09/20/1914
Alma Roberts,33405,$4097.32,GREEN,03/21/1918
Christina Moody,50446,$9051.09,GREEN,03/01/2051
Dora Fuller,75542,$464.43,BLUE,05/19/2024
Inez Ellis,66018,$9594.59,YELLOW,10/21/1943
Joshua Fowler,40100,$4879.24,GREEN,10/17/2003
Travis Warner,83917,$3581.31,YELLOW,01/05/1955
Bobby Wright,54111,$5742.74,YELLOW,06/18/1982
Lewis Osborne,63516,$322.17,GREEN,09/05/1932
Herman Ruiz,03948,$8911.42,WHITE,11/12/1992
Lottie Ball,84168,$5162.86,GREEN,03/24/2057
Bradley Manning,90435,$1138.92,BLUE,11/06/1913
Louise Tate,07467,$1490.31,YELLOW,12/02/1926
Noah Lucas,61578,$5648.17,RED,04/22/2021
Myrtie Byrd,97634,$3940.05,RED,04/11/2070
Jennie Padilla,62988,$6000.87,WHITE,12/11/2059
Ruth Long,81321,$514.81,RED,05/10/2035
Derrick Waters,50456,$3892.12,WHITE,10/21/2019
Cameron Paul,39395,$4657.91,BLUE,03/26/1988
Philip Ray,99216,$2240.98,WHITE,02/13/2066
Glen Gill,25982,$8851.96,WHITE,02/23/2040
Sally Casey,78661,$8942.30,YELLOW,05/07/1951
Gavin Jordan,43749,$7003.84,RED,06/05/1954
Cornelia Patterson,71621,$3731.92,GREEN,07/21/2068
Larry Davis,38273,$6958.47,RED,05/14/1971
Edward Ballard,98983,$3084.20,RED,08/08/2025
Fanny Briggs,65503,$7360.12,BLUE,03/23/2025
Corey Townsend,59277,$4721.22,WHITE,01/16/1960
Celia Gross,92231,$7074.00,WHITE,02/20/1917
Sophia Dennis,80022,$7869.36,BLUE,12/15/2010
Terry Sherman,22555,$9939.21,WHITE,01/12/1921
Joel Fitzgerald,77928,$5162.45,WHITE,06/04/2012
Annie Mason,54529,$2936.03,YELLOW,03/15/2034
Margaret Diaz,25027,$9291.17,WHITE,02/14/1994
Lucy McDonald,20255,$948.79,WHITE,09/21/2041
Rosie Keller,43207,$1914.80,RED,02/04/1920
Eula Mathis,06704,$8618.56,WHITE,03/16/1900
Christina Curry,31865,$6002.56,WHITE,01/14/2018
Maude Love,40791,$6489.72,YELLOW,12/08/2002
Matthew Ryan,09480,$2954.52,GREEN,05/30/1994
Randy Walton,72180,$8876.36,YELLOW,05/27/2058
Helena Nunez,90991,$9877.93,GREEN,02/11/2015
Callie Moreno,08115,$6894.67,RED,11/08/2049
Nancy Sandoval,17805,$2727.45,BLUE,04/26/2015
Dollie Lindsey,02078,$4846.60,RED,10/24/1957
Eric Webb,28537,$3201.60,RED,02/10/2059
Chad Garcia,07422,$4108.05,GREEN,01/18/2033
Evelyn Chandler,02144,$2724.27,YELLOW,11/22/2027
Alexander Hale,83515,$4120.37,YELLOW,10/14/1904
Elva Craig,87431,$2519.55,BLUE,04/29/2022
Lelia Walsh,12807,$7395.73,GREEN,04/29/1948
Luella Ryan,20018,$5824.03,WHITE,06/05/1955
Danny Brewer,09430,$591.41,BLUE,02/27/1958
Jeanette Lowe,30309,$4834.59,GREEN,09/09/2042
Eugenia Long,14834,$3404.94,WHITE,09/18/2029
Bertha McBride,56726,$6060.10,YELLOW,07/26/1921
Milton Spencer,24116,$2578.12,BLUE,01/26/1991
Allie Adkins,89251,$5909.51,YELLOW,01/23/1901
Mildred Hines,26283,$1242.60,RED,03/01/1959
Brandon Chapman,57610,$2133.61,RED,02/01/1950
Julian Shaw,55666,$7369.86,GREEN,08/11/2000
Winnie McCarthy,20984,$6423.25,BLUE,01/04/2063
Mathilda Hogan,43241,$2537.97,YELLOW,08/12/2038
Elsie Flores,40046,$4051.07,GREEN,02/19/1972
Donald Fleming,63920,$4615.71,WHITE,10/21/1992
Winnie Delgado,37528,$3215.46,GREEN,12/15/1961
Joe Mathis,27727,$50.37,RED,03/11/2015
Lulu Patrick,56566,$7262.44,RED,11/18/1960
Emilie Boone,34024,$282.64,WHITE,09/22/2039
Adelaide Jensen,56322,$8037.34,WHITE,04/25/2055
Julia Boyd,34021,$9593.39,GREEN,10/06/2036
Ernest Wilkerson,79082,$9815.32,WHITE,06/08/1925
Ann Chambers,29803,$3466.75,GREEN,05/22/1911
Grace Newton,98781,$734.90,WHITE,10/16/2063
Dale Barrett,21846,$4512.27,GREEN,11/29/1939
Lewis Perez,94781,$5494.77,YELLOW,11/19/2022
Seth Sullivan,36072,$6758.64,BLUE,10/20/1987
Herbert Torres,65248,$1897.05,WHITE,05/12/1915
Carlos Palmer,60507,$8895.55,GREEN,02/15/2020
Lucy Hoffman,15723,$8199.25,YELLOW,05/19/2056
Mike Hudson,58100,$3939.51,BLUE,05/03/2045
Alfred Hall,91540,$6992.01,RED,01/14/2014
Flora Johnson,65895,$9084.88,GREEN,08/31/1988
Della Poole,49294,$5493.72,BLUE,10/27/2043
Lois Chandler,53386,$4249.12,YELLOW,10/31/1957
Emily Hale,76698,$7326.31,YELLOW,03/29/2001
Katharine Morton,93230,$60.48,BLUE,03/25/1987
Gabriel Richardson,83827,$4166.18,WHITE,01/19/1907
Marion Warner,35977,$6366.51,WHITE,09/03/1985
Claudia Warner,47710,$7401.50,RED,09/26/1974
Sam Gomez,62342,$5004.67,YELLOW,06/05/1907
Abbie Clark,84704,$8745.92,YELLOW,09/15/1915
Lucile Jimenez,06914,$4415.49,GREEN,05/10/1936
Caleb Richardson,88069,$4319.04,RED,01/21/1994
Jeffery Hamilton,79180,$6156.38,YELLOW,02/07/2050
Louise Atkins,81434,$9393.15,BLUE,03/29/1987
Susie Parsons,61505,$8578.95,YELLOW,01/14/1998
Luella Webster,61583,$1359.59,GREEN,04/12/2027
Sadie Boyd,46943,$9949.03,WHITE,11/06/1902
Susan Chandler,59012,$3275.99,GREEN,10/03/2022
Derrick Parsons,41458,$5094.77,GREEN,04/08/1986
Scott Chandler,64465,$2543.60,GREEN,06/05/1991
Mary Hale,21276,$7377.42,RED,07/02/1912
Isabelle Larson,17425,$1388.56,WHITE,10/20/2068
Roy Erickson,27581,$5906.81,GREEN,04/17/1971
Virgie Carter,21413,$5244.64,RED,11/23/1927
Stella Berry,48913,$2180.16,YELLOW,12/25/1977
Lilly Pratt,06530,$1051.71,YELLOW,10/29/1937
Vincent Higgins,50450,$6617.69,GREEN,06/24/1937
Daniel Phelps,99354,$9504.43,GREEN,02/25/2043
Paul Ortiz,48090,$7365.43,YELLOW,10/28/2064
Nannie Manning,59213,$3182.77,RED,05/05/2005
Adele Maxwell,64629,$568.32,YELLOW,04/19/1955
Keith Hogan,26502,$4076.21,WHITE,12/23/1995
Loretta Baker,17959,$29.84,BLUE,06/12/2042
Bettie Roy,40490,$9191.06,YELLOW,08/03/2033
Amanda Wilkerson,96130,$5414.61,BLUE,12/15/1916
Helena Ortiz,08545,$8549.77,BLUE,04/26/1989
Alvin Miller,55153,$1135.34,YELLOW,06/25/2001
Willie Jordan,10516,$276.91,WHITE,09/21/1996
George Neal,69159,$7192.81,WHITE,11/04/1911
Virginia Bridges,17636,$60.49,YELLOW,08/21/2068
Francisco Holt,96501,$9663.90,WHITE,05/15/2010
Kenneth McKinney,94201,$3863.81,GREEN,03/25/2040
Ella Carpenter,42852,$3481.13,YELLOW,01/19/2001
Roy Lewis,55968,$9634.53,RED,05/05/1985
Brett Daniels,89958,$2520.31,RED,03/31/1928
Jessie Wheeler,18052,$7240.09,WHITE,09/17/1997
Peter Townsend,17279,$1595.21,RED,03/01/1900
Lydia Holmes,41231,$5456.86,GREEN,09/16/1945
Ida Garrett,51153,$9551.06,GREEN,02/06/2037
Lee Reeves,63939,$1441.11,BLUE,09/26/1963
Ann Payne,39580,$2462.38,WHITE,12/23/1988
Wesley Graves,78660,$9049.31,BLUE,09/09/1986
Lillian Fowler,20890,$1561.71,RED,10/30/1948
Lettie Parks,14569,$6640.55,YELLOW,06/23/1963
Mina Simon,48838,$7901.85,GREEN,01/23/1941
Sara Gomez,00857,$2051.58,GREEN,03/22/2070
Francis Johnston,45151,$6737.26,GREEN,10/20/1946
Theodore Barnett,26472,$4217.99,YELLOW,10/25/2045
Iva Maxwell,89244,$3116.33,WHITE,02/09/1999
Jorge James,52628,$8652.34,WHITE,04/23/1975
Fannie Payne,38827,$7154.34,BLUE,10/25/1977
Myrtle Burton,48830,$2034.61,GREEN,08/17/1989
Justin Lindsey,72209,$4896.91,WHITE,05/12/1931
Della Tucker,82848,$547.36,GREEN,10/12/1971
Craig McCoy,16421,$3439.79,YELLOW,06/22/2034
Cecelia Lindsey,79992,$9280.60,WHITE,03/12/2064
Stella Paul,13417,$682.99,GREEN,10/20/2025
Allie Conner,59121,$237.79,BLUE,04/18/1938
Theodore Briggs,54808,$2015.07,BLUE,03/19/1995
Ida Beck,57360,$1196.84,RED,01/09/2061
Micheal Powers,93139,$1349.79,GREEN,07/09/2029
Verna Mullins,01937,$5989.76,GREEN,09/20/2051
Chester Lewis,78087,$8915.14,YELLOW,08/04/2016
Jorge Wilkins,58028,$5451.69,WHITE,12/03/1955
Alvin Farmer,86755,$1453.86,RED,04/24/1920
Justin Carlson,27908,$2197.71,GREEN,06/24/1954
Stephen Cross,91831,$1295.85,BLUE,02/25/1997
Lettie Wallace,81713,$2225.84,WHITE,11/28/2023
Nathan Perry,71463,$3381.32,GREEN,06/23/1982
Gordon Clark,83525,$1515.55,WHITE,07/18/1937
Nathaniel Rios,88115,$8025.43,WHITE,05/28/2052
Eula Steele,12372,$5531.21,GREEN,11/25/1924
Corey Vargas,37678,$8220.30,YELLOW,09/20/2030
Theodore Cross,11443,$3229.71,BLUE,11/15/1974
Matilda Weaver,15467,$9538.41,RED,05/03/1937
Aaron Ortiz,17498,$9678.59,GREEN,03/02/1974
Roy Nunez,11812,$3726.54,YELLOW,03/19/2008
Jerry Cannon,69295,$9628.78,RED,06/27/2040
Chester Knight,40035,$1957.48,YELLOW,08/05/1935
Alice Evans,72385,$6481.25,RED,06/20/2004
Brent Carson,06049,$5283.04,WHITE,06/05/2050
Lois Willis,88311,$3566.61,RED,07/28/2033
Susie McLaughlin,62055,$8.45,RED,01/25/2065
Tillie Gordon,86647,$6691.45,BLUE,07/22/1949
Ruby Alexander,77056,$1111.96,RED,05/27/1900
Hallie Torres,72085,$6969.11,BLUE,08/05/2029
Derek Wright,80659,$4653.03,RED,06/07/1972
Lola Moody,82990,$7594.53,RED,04/13/1924
Edgar Myers,91175,$2782.75,GREEN,01/31/2063
Lawrence Mitchell,44996,$5327.82,GREEN,09/04/1980
Allie Dixon,46819,$8775.95,WHITE,06/13/2053
Marie Williamson,76640,$3237.27,BLUE,04/14/2042
Frank Sullivan,10995,$205.58,WHITE,09/15/1967
Alice Mitchell,95515,$8038.23,RED,03/22/2022
Phillip McBride,94694,$5763.75,RED,10/03/1980
Matilda Watkins,98409,$7328.93,BLUE,06/02/2015
Marion Moreno,82817,$8324.62,YELLOW,09/15/1987
Craig Schmidt,23967,$391.17,YELLOW,06/07/2017
Bruce Wade,72616,$9707.71,RED,05/17/1985
Antonio Barnes,38707,$5365.77,YELLOW,09/10/1967
Estelle Powell,39966,$7220.47,RED,05/29/1987
Floyd Curry,31004,$8539.75,WHITE,03/07/1934
Frederick Bass,67831,$4524.68,WHITE,01/10/1997
Jeffery Hayes,35045,$7511.39,WHITE,10/04/1902
Amanda Hughes,70589,$7783.65,BLUE,11/17/1982
Matthew Estrada,36254,$7626.02,WHITE,01/28/1967
Cecelia Boone,23832,$6568.32,WHITE,09/01/1925
Jackson Miles,65214,$9164.41,GREEN,08/06/1946
Annie Frazier,67649,$1363.18,GREEN,11/11/2023
Chad Atkins,11331,$747.33,GREEN,01/01/2057
Kyle Harrison,37419,$4398.20,BLUE,10/25/1922
Dale Morgan,03632,$3224.16,WHITE,01/13/1977
Mike Garza,07781,$9606.50,YELLOW,11/27/1941
Adrian Santos,47725,$5985.35,BLUE,07/01/1990
Jerome Norris,04948,$8823.30,GREEN,09/25/1924
Sylvia Price,21747,$3744.26,YELLOW,10/26/1995
Alejandro Wise,80245,$5769.01,RED,12/06/2016
Christine Pena,41247,$774.53,BLUE,04/07/1939
Delia Lucas,40695,$985.71,WHITE,10/05/2013
Louisa Berry,31480,$5350.25,YELLOW,02/11/2052
Linnie Wilkerson,09644,$1935.97,GREEN,08/09/1955
Andre Norris,34237,$2899.29,GREEN,06/26/1916
Bobby Gray,93185,$9624.16,BLUE,02/14/1996
Augusta Pope,95780,$9177.87,WHITE,09/28/2008
Emilie Swanson,61676,$7284.82,RED,12/15/1996
Effie Sims,28736,$181.84,GREEN,12/05/1992
Clara Ross,61192,$1716.31,BLUE,10/19/2004
Billy Beck,05600,$2505.05,RED,06/26/2046
Mable Stevenson,33446,$721.50,YELLOW,01/12/1914
Lura Lawrence,21825,$8071.52,YELLOW,05/05/2027
Gene Cobb,81606,$4648.77,YELLOW,12/07/2049
Jared Pope,99952,$3447.88,RED,08/10/2046
Ralph Gonzales,03449,$7657.43,WHITE,12/07/1984
Lettie Estrada,83757,$84.88,WHITE,08/06/1985
Rachel Smith,39551,$1781.23,RED,08/03/2021
Gerald Duncan,17230,$5224.80,GREEN,01/16/2048
Marie Buchanan,06834,$1204.72,GREEN,10/09/1946
Lloyd Young,37685,$3972.69,YELLOW,03/27/2030
Rodney Saunders,98411,$8916.67,BLUE,02/21/2022
Sean Bass,67059,$8371.45,WHITE,10/09/1948
Lenora Payne,63749,$7345.74,RED,03/30/2027
Gordon Glover,05379,$3998.49,RED,05/29/2038
Leona Nelson,82913,$2337.50,GREEN,01/17/1919
Isabelle Reese,86487,$6352.08,BLUE,05/22/2041
Dylan Guerrero,17129,$6801.88,WHITE,11/02/2068
Hettie Reynolds,79510,$7127.63,GREEN,01/27/2052
Lela Christensen,94028,$3862.02,WHITE,01/09/1964
Birdie Love,37478,$3941.09,WHITE,05/22/1925
Lizzie Carpenter,56274,$3216.89,GREEN,08/23/1913
Beatrice Peters,36772,$1134.31,WHITE,12/29/1927
Isaiah Tate,43719,$1248.00,RED,12/11/2045
Nelle Saunders,90764,$8295.73,RED,02/13/2060
Jon Alvarado,49556,$6257.42,YELLOW,01/27/1956
Dominic Cruz,47072,$8132.33,GREEN,07/10/1944
Gabriel Stewart,53642,$5760.46,BLUE,12/23/1986
Jordan Fleming,65226,$6427.45,YELLOW,07/13/1968
Ian Harrison,78752,$3301.72,BLUE,11/22/1956
Jerry Alexander,06829,$5235.92,WHITE,04/04/1978
Evelyn Chambers,08552,$3082.96,WHITE,03/11/1955
Ola Robertson,37760,$4255.77,YELLOW,12/13/2069
Alfred Castillo,00477,$9727.19,GREEN,03/24/1922
Roy Patterson,46315,$4552.29,WHITE,06/06/2060
Lizzie Welch,35012,$8310.99,GREEN,08/31/1913
Emma Summers,42770,$1621.41,YELLOW,08/12/2063
Della Bush,81524,$16.44,WHITE,08/03/1946
Lily Vasquez,43585,$8668.03,BLUE,06/27/1968
Mark Francis,84422,$4219.98,GREEN,11/07/1951
Harvey Hall,21909,$84.37,BLUE,11/08/1957
Nina Fox,43131,$6619.19,YELLOW,06/03/2002
Samuel Armstrong,88499,$778.03,RED,11/05/2056
Richard Hodges,03324,$3005.15,BLUE,07/03/2041
Chad Valdez,83921,$5316.46,BLUE,01/14/2056
Rosetta Powers,81724,$2238.36,YELLOW,11/01/1925
Elnora Hines,15421,$4592.13,YELLOW,12/12/2063
Steve Stokes,01272,$1265.84,YELLOW,01/01/1900
Jesus Malone,61023,$49.91,RED,03/05/1933
Beulah Leonard,49472,$9466.99,YELLOW,12/27/2022
Tom Francis,65655,$3084.43,RED,08/18/1951
Edna Benson,85596,$8590.76,RED,09/20/1960
Cory Holmes,79862,$6196.04,GREEN,02/17/2013
Leroy Matthews,48619,$4041.14,YELLOW,02/18/1952
Jeanette Lloyd,65511,$2599.35,RED,02/15/1989
Terry Murray,47881,$3385.00,BLUE,03/14/1980
Cordelia Simmons,98144,$8001.55,RED,04/07/1904
Marie Rice,85127,$1276.50,YELLOW,03/08/1950
Roger Brooks,89771,$3395.65,RED,02/03/2068
Gavin Garza,20946,$3386.90,RED,11/21/1967
Michael Daniel,62734,$7876.11,YELLOW,11/19/2030
Bill Caldwell,95945,$4143.44,BLUE,11/07/2061
Ernest Adams,19731,$7400.97,RED,01/25/1935
Adeline Sanders,36856,$1691.32,WHITE,04/05/2002
Curtis Taylor,68341,$9718.00,WHITE,01/23/2009
Harold Bowen,40642,$9385.64,WHITE,07/06/2064
Hunter Johnston,43556,$1916.07,WHITE,02/14/1983
Caleb Taylor,89327,$4425.28,GREEN,10/11/2042
Lloyd Floyd,73507,$6060.63,YELLOW,11/13/1922
Paul Woods,96555,$1580.10,GREEN,02/15/1925
Martin Herrera,16482,$451.67,BLUE,04/15/2063
Lettie Thornton,28005,$4872.28,YELLOW,01/09/2067
Nancy Saunders,66547,$3376.11,BLUE,05/29/2039
Wayne Rowe,94348,$2012.64,BLUE,10/20/1951
Abbie Curry,35472,$1120.61,GREEN,10/22/2031
Abbie Walters,94791,$1151.15,RED,08/26/1900
Elsie Kelly,67545,$9967.44,YELLOW,10/24/1995
Landon Perez,75282,$7733.33,BLUE,06/03/1999
Isaiah Edwards,40106,$4819.69,RED,06/04/1936
Kate Sandoval,92021,$3935.01,WHITE,09/30/1926
Harold Sparks,23696,$2330.85,WHITE,02/10/2023
Carolyn Colon,24008,$482.67,GREEN,03/02/1924
Leo Turner,45294,$8708.05,WHITE,07/23/1936
Lloyd Perez,84953,$857.60,RED,05/18/2053
Mitchell Schneider,75366,$1865.17,RED,12/26/2023
Paul Ortega,58457,$1342.87,BLUE,11/01/1921
Amelia Soto,89253,$9629.86,WHITE,08/23/1933
Landon Drake,39698,$1142.20,WHITE,05/20/2018
Leo Sherman,05338,$7082.18,BLUE,11/19/1967
Devin Barton,40620,$9417.22,BLUE,09/25/2044
Hester Mack,42309,$509.84,YELLOW,03/01/1920
Owen Oliver,45599,$7810.48,RED,08/30/1979
Phillip Rios,87594,$1739.58,BLUE,03/31/1923
Ronald Weber,25685,$7318.96,RED,06/29/1948
Maud Hunter,47150,$8675.37,GREEN,02/27/2021
Charles Wilkerson,80084,$1392.46,YELLOW,09/30/2015
Marcus Tate,05410,$3156.55,BLUE,06/23/2062
Lewis Dawson,15853,$1144.30,YELLOW,12/05/2059
Andre George,39813,$2599.87,RED,01/10/1938
Inez Barton,62696,$1312.36,WHITE,07/02/2062
Glenn Simon,32001,$8450.38,WHITE,03/21/2026
Jessie Andrews,09888,$1526.56,RED,05/16/1947
Curtis Stanley,33822,$9679.44,BLUE,08/07/1990
Harry McDaniel,19974,$3717.49,WHITE,06/12/1907
Warren Hampton,96732,$8982.43,RED,02/24/1943
Elva Rose,08661,$3782.65,RED,06/19/1928
Nicholas Nelson,39804,$7613.76,YELLOW,11/01/2056
Ruth Chambers,64284,$4403.93,RED,02/20/2003
May Davis,12583,$3954.65,YELLOW,03/27/2070
Sophia Price,16218,$6727.07,RED,06/02/2001
Christina Perry,47201,$9296.26,RED,01/11/2014
Helena Bridges,52825,$3097.03,GREEN,10/19/1932
Viola Sharp,94602,$359.49,GREEN,10/11/1937
Bruce Sullivan,54262,$8023.98,WHITE,08/15/1996
Bruce Estrada,96013,$965.01,RED,01/31/2067
Eugene Delgado,32525,$5641.89,BLUE,09/20/1928
Ora Holland,19496,$6467.89,RED,10/26/2054
Louis Rodriguez,80316,$8043.29,YELLOW,01/10/1953
Chester Ballard,74197,$4404.22,WHITE,12/12/1984
Beatrice Carpenter,39600,$1679.85,YELLOW,05/06/1900
Viola Jackson,11654,$7209.24,WHITE,02/06/1936
Winnie Farmer,67239,$8117.37,GREEN,10/13/2033
Luke Dixon,85064,$2286.97,YELLOW,02/06/1941
Bill Cooper,29838,$8443.87,WHITE,01/23/2002
Marian Ryan,08827,$2089.99,WHITE,10/01/2029
Jesus Smith,45238,$3465.06,RED,05/16/2039
Justin Kennedy,31969,$9135.67,RED,03/12/1912
Devin Russell,90836,$1796.16,WHITE,04/26/1929
Ivan Buchanan,23556,$460.07,RED,06/20/2043
Sean Hines,17736,$5456.49,RED,03/24/2028
Harriet Guerrero,26334,$4639.67,BLUE,01/25/1973
Rosetta Schwartz,67227,$5784.74,YELLOW,04/30/1980
Leonard Hogan,90098,$2502.80,BLUE,09/28/2002
Lela Castillo,06264,$7970.21,YELLOW,04/24/1928
Elijah Simon,25405,$5330.90,YELLOW,06/20/2002
Virginia Wong,96051,$6968.56,GREEN,12/12/2036
Harry Walker,67366,$6801.26,RED,01/05/2013
Bradley Alvarado,13473,$7860.36,RED,11/17/1983
Connor Myers,01019,$5199.50,BLUE,06/05/1953
Alfred Summers,86636,$6726.78,WHITE,01/07/1975
Norman Stewart,57108,$6262.19,RED,01/09/1960
Rosalie Williamson,78437,$8962.86,RED,12/27/1955
Catherine Ruiz,49209,$1053.76,RED,11/14/2034
Larry Brown,95981,$2117.72,BLUE,11/29/1964
Tommy Floyd,36345,$8099.00,WHITE,12/17/2025
Jim Lucas,05870,$6625.45,RED,01/09/1900
Warren Owen,42017,$3129.26,BLUE,07/13/1910
Gregory Holt,81332,$1620.74,GREEN,09/14/1920
Alma Palmer,53391,$6042.01,BLUE,09/23/1952
Leroy Mills,11618,$84.63,BLUE,05/23/1960
Jeffery Barnett,39134,$881.12,WHITE,05/13/1948
Fred Robinson,40692,$1798.85,RED,12/12/1942
Ernest McDaniel,57807,$1043.38,WHITE,06/30/2051
Adam Hamilton,18206,$8992.77,WHITE,08/16/2035
Genevieve Pratt,22485,$5361.78,BLUE,07/06/1901
Floyd Carr,78518,$7702.32,RED,07/12/2060
Ellen Holmes,74638,$2085.84,YELLOW,03/05/2070
Daniel Fisher,69521,$4734.32,YELLOW,12/29/2054
Andre Barber,68453,$7858.22,YELLOW,01/10/2046
Luella Andrews,79271,$8222.49,YELLOW,05/29/1923
Billy Vasquez,56488,$7686.13,BLUE,09/07/1994
Derrick Schneider,82620,$4830.95,BLUE,03/26/1968
Patrick Wilkins,29494,$1246.47,YELLOW,02/02/2069
Betty Nunez,27821,$4311.46,YELLOW,02/20/1992
Owen Little,87386,$9030.12,YELLOW,03/22/2062
Gary McKenzie,94752,$4633.07,YELLOW,02/04/2011
Ophelia Long,68959,$5051.65,YELLOW,11/05/1946
Edward Mills,08502,$9090.21,GREEN,01/10/1924
Mayme Dixon,74737,$6912.47,YELLOW,06/01/2053
Edwin Brady,45541,$1007.82,RED,02/23/1951
Lawrence Joseph,64275,$8334.24,BLUE,05/26/2023
Dennis Reed,64931,$9000.22,YELLOW,04/02/2044
Sallie Tucker,83146,$888.59,YELLOW,01/01/1934
Vincent Norman,29077,$3860.02,RED,09/12/2035
Essie Oliver,70308,$1739.71,YELLOW,04/08/1929
Bernard Malone,98593,$8982.54,WHITE,07/11/1937
Lucas Burgess,64647,$9406.52,RED,06/27/1987
Robert Hogan,13657,$1276.78,GREEN,12/22/1905
Miguel Hicks,06579,$2153.59,YELLOW,10/15/2054
Brandon Stewart,73019,$2923.75,GREEN,09/01/2032
Louisa Strickland,57188,$4835.56,YELLOW,09/03/2012
Derek Caldwell,52659,$3292.67,WHITE,11/08/1997
Manuel George,71787,$236.13,RED,10/02/1975
Marion Evans,43921,$8748.48,WHITE,04/06/1980
Daniel Bridges,50579,$3216.74,YELLOW,10/18/1929
Sarah Simmons,85397,$5098.39,BLUE,08/28/1924
Travis Thomas,19018,$5123.01,YELLOW,04/09/1946
Isabella Glover,97678,$2289.32,BLUE,02/16/2007
Sallie Fowler,39354,$8725.06,GREEN,03/28/1999
Derek Bishop,99669,$2443.62,BLUE,03/26/2053
James Riley,58091,$1895.41,BLUE,12/07/2029
Warren Watkins,31441,$2482.90,BLUE,05/15/2053
Hattie Murray,71417,$8099.86,RED,01/19/1936
Jordan Gutierrez,98494,$7170.54,BLUE,01/02/2004
John Haynes,31704,$154.10,YELLOW,09/27/2016
Ella Cobb,83777,$8960.86,YELLOW,07/06/1942
Eddie Castillo,13628,$8325.64,YELLOW,05/26/1942
Lenora Gonzalez,09029,$3407.58,RED,12/30/1927
Alejandro Edwards,75600,$2924.35,RED,06/20/1970
Sally Hamilton,62560,$3095.22,GREEN,03/27/1907
Charlotte Holloway,20822,$1792.90,YELLOW,04/22/2060
Rosa Roberts,66978,$5235.02,RED,10/26/2044
Mildred Woods,95654,$2497.84,GREEN,01/06/1960
Mattie Lucas,86367,$7322.58,GREEN,02/15/2034
Mina Horton,97333,$5743.45,BLUE,05/17/1946
Jose Fleming,53382,$8134.12,RED,03/25/2045
Vincent Fuller,13456,$8069.50,GREEN,10/30/1909
Landon Potter,09414,$1104.47,GREEN,04/01/2011
Ora Bush,36712,$6149.37,GREEN,09/05/2022
Ernest Watts,19913,$487.72,BLUE,03/18/2029
Jon Curry,49402,$3821.87,GREEN,12/14/1917
Thomas Garrett,45469,$7380.07,YELLOW,03/04/1969
Mitchell Byrd,50899,$3892.43,GREEN,12/26/1997
Gertrude Reeves,11256,$1840.62,RED,04/23/1908
Raymond Jones,41876,$2285.01,RED,12/03/1934
Clyde Gibson,58075,$1294.83,BLUE,02/04/1950
Blake Holloway,20605,$7800.09,WHITE,12/07/2026
Rhoda Jordan,33921,$8251.20,BLUE,07/09/2053
Victor Lambert,09036,$1539.62,BLUE,10/22/1925
Alexander Warren,29962,$1061.08,GREEN,08/18/2029
Fannie Gibbs,27755,$6649.18,WHITE,05/04/1978
Patrick Griffith,88781,$1729.27,YELLOW,09/04/2048
Howard Hamilton,94908,$1183.37,RED,06/19/2029
Arthur Rogers,22970,$701.95,RED,04/13/2015
Gary Barton,48336,$4047.94,WHITE,05/09/2017
Jack Ramos,29523,$5881.77,RED,09/18/2040
Thomas Fletcher,41801,$8952.31,RED,07/02/1934
Jorge Perry,17396,$9906.35,BLUE,11/09/2002
Cody Colon,51226,$9228.83,GREEN,12/14/1999
Leila Barnes,89597,$2138.82,BLUE,02/01/1915
Lawrence Davidson,62794,$2819.75,WHITE,07/27/2044
Lillie Evans,12443,$6497.24,GREEN,11/10/2031
Aaron Morgan,56821,$97.16,WHITE,12/18/2014
Ethel Gordon,33220,$7297.78,YELLOW,03/22/2027
Charles Young,39571,$2347.07,RED,09/01/1908
Jon Perkins,32120,$5106.78,GREEN,11/27/1980
Minerva Mullins,75467,$8122.34,WHITE,01/28/1953
Ida Hudson,36469,$401.19,YELLOW,01/26/1973
Bertie Phelps,34244,$8765.94,WHITE,02/03/2069
Lewis Banks,31318,$4496.63,WHITE,03/14/2050
Alvin Henry,54740,$4206.08,GREEN,06/14/2033
Isaac Nichols,75251,$3228.51,WHITE,07/20/1983
Adam Herrera,55071,$5198.52,WHITE,09/22/2035
Tyler Lawson,11372,$8195.60,WHITE,10/16/1947
Ruth Neal,80422,$3989.80,BLUE,07/11/2069
Janie Parker,62337,$5480.03,BLUE,02/08/2063
Clarence Woods,47576,$1756.57,BLUE,01/14/1993
Brent Kim,95599,$8920.16,RED,02/21/1955
Nora Gill,60304,$7343.51,WHITE,03/06/2029
Nathan Cruz,88419,$5119.76,BLUE,01/30/2043
Gussie Perez,43380,$7960.11,BLUE,08/10/2020
Owen Mitchell,89375,$4541.64,BLUE,03/31/2033
Christopher Andrews,66991,$7721.75,GREEN,02/23/2056
Ora Hale,82974,$5504.55,BLUE,06/14/1942
Mayme Fernandez,51594,$3293.95,GREEN,03/02/2042
Howard Dean,57482,$6722.12,RED,07/06/1994
Cornelia Nguyen,34491,$6574.45,BLUE,11/21/1926
Stanley Santiago,14858,$4867.46,WHITE,10/28/2004
Alexander Foster,09361,$923.79,GREEN,08/06/1974
Ellen Wade,22271,$5377.61,RED,03/06/2035
Jeremiah Palmer,51227,$7843.31,RED,09/27/2003
Susan Blake,62860,$6411.48,YELLOW,04/28/1980
Jorge Alvarado,35037,$3299.97,YELLOW,11/25/1967
Clyde Hall,19098,$6208.88,RED,10/27/1958
Ollie Pierce,74983,$3831.17,GREEN,12/08/2051
Lola Bell,88194,$5594.86,RED,08/14/1947
Fred Evans,62921,$8324.72,RED,01/12/2030
Josie Gray,64472,$3730.41,BLUE,03/22/2059
Harriet Steele,56854,$4300.75,WHITE,02/04/1980
Beatrice Conner,11755,$4571.63,WHITE,06/04/1904
Jennie Nichols,71015,$143.12,GREEN,11/18/2011
Dennis Cooper,67489,$3960.12,GREEN,03/09/2024
Scott Collins,24331,$367.88,BLUE,12/27/2061
Nicholas Carlson,19199,$8422.22,GREEN,10/07/1916
Nora Johnston,18419,$9415.63,BLUE,10/22/2001
Micheal White,16854,$4.09,GREEN,09/09/2054
Dylan Harrison,13458,$5063.80,RED,10/16/1989
Mitchell Abbott,43415,$9032.32,WHITE,01/22/2039
Howard Shelton,16677,$2818.62,WHITE,02/28/1963
Maggie Moreno,31391,$5350.14,BLUE,05/13/1975
Leon Cohen,48341,$5945.21,RED,02/27/1922
Alberta Frank,53640,$7203.04,BLUE,11/12/2045
Aiden Briggs,39989,$8916.48,BLUE,10/27/1944
Carrie May,41906,$5011.72,YELLOW,10/02/2032
Theodore Watkins,27255,$1712.37,WHITE,09/01/1919
Landon Osborne,71251,$881.68,BLUE,06/18/1927
Kate Thomas,29415,$6767.37,WHITE,05/04/2000
Maria Watts,66237,$5060.03,WHITE,07/16/1920
Nicholas Reynolds,01447,$9753.70,YELLOW,10/06/2063
Ellen Jacobs,01399,$5048.51,RED,11/22/2065
Joseph Sharp,24519,$9307.80,YELLOW,06/10/1923
Calvin Carroll,53576,$508.99,BLUE,11/30/1940
Nancy Bryan,48424,$7692.05,RED,03/19/2058
Viola Dunn,84810,$5950.65,WHITE,10/04/1909
Florence Dunn,75876,$3662.10,BLUE,10/14/1974
Travis Hopkins,84721,$4473.07,BLUE,06/22/1992
Polly Hudson,02770,$5118.28,GREEN,07/26/2053
Sylvia Walsh,37608,$9450.33,WHITE,01/13/1913
Jacob Atkins,87357,$6660.64,BLUE,11/28/1912
Eugene Brady,50294,$309.91,BLUE,02/05/1963
Corey Rodriguez,76129,$2516.70,WHITE,10/16/1991
Nathan Blake,29385,$7541.13,RED,02/09/2029
Curtis Christensen,66686,$3453.18,GREEN,02/20/1972
Clarence Munoz,26259,$3637.91,WHITE,05/30/1925
Tillie Williamson,89221,$8757.80,GREEN,05/14/1902
Keith Cunningham,02235,$457.55,BLUE,09/10/2007
Christina Higgins,98410,$297.31,YELLOW,07/27/1913
Chris Powell,93015,$6491.82,RED,12/20/2060
Larry Lyons,96588,$369.94,WHITE,03/18/2056
Evelyn Lloyd,35281,$7813.65,GREEN,07/10/1958
Wesley Peters,51960,$2541.03,BLUE,09/17/1944
Jacob Vargas,65262,$3596.62,BLUE,06/04/1910
Sophia Jennings,09910,$2776.62,RED,09/29/1987
Loretta Marsh,98087,$1280.72,RED,11/09/1954
Dylan Hunt,50690,$1014.38,RED,06/09/1951
Jim Harvey,23762,$976.61,WHITE,10/27/2002
Harriet Bryan,01705,$3722.39,GREEN,01/16/2040
Virgie McGuire,00265,$5270.80,WHITE,11/02/2012
Carlos Moran,97027,$7610.98,YELLOW,10/09/1953
Eunice Martinez,67188,$4465.56,RED,05/13/1913
Florence Stewart,22742,$8673.78,GREEN,03/27/2055
Josie Arnold,68574,$8888.52,GREEN,04/06/1949
Michael Zimmerman,65821,$3228.03,BLUE,04/19/1941
Barry Rice,96955,$3189.58,RED,05/27/2042
Grace Brooks,15020,$2768.44,BLUE,02/26/1949
Nina Love,93390,$9749.19,BLUE,07/01/1906
Christopher Carroll,39312,$749.48,YELLOW,07/24/2009
Lettie Cooper,86042,$6190.74,YELLOW,03/22/1902
Leon Holt,22042,$5966.87,BLUE,05/04/1928
Nathaniel Palmer,57005,$9836.04,RED,09/10/1959
Ellen Gomez,41976,$7221.08,RED,09/09/2042
Hunter Stevenson,81390,$205.27,BLUE,12/27/1995
Jason Lawson,22844,$690.82,BLUE,03/17/1982
Vincent Mann,96400,$9807.96,GREEN,01/25/2014
Rosie Nelson,91063,$4980.33,GREEN,06/20/2043
Jeremy Gross,28723,$4479.28,WHITE,03/28/1963
Aiden Abbott,24921,$8495.70,BLUE,09/26/2050
Rosa Little,63409,$5981.72,RED,02/26/1906
Nicholas Wilson,83108,$826.24,BLUE,02/22/1953
Ada Ramsey,81587,$6258.80,RED,04/21/2059
Sue Franklin,72012,$7220.90,YELLOW,04/07/1939
Dorothy Bush,38293,$3681.03,WHITE,03/24/2025
Beulah Wilkerson,14795,$4067.74,BLUE,02/25/2000
Marie Ford,39171,$5010.62,RED,01/04/1967
Gavin Burke,11519,$5467.16,YELLOW,08/05/1936
Chester Weaver,49439,$6959.24,RED,02/17/2012
Ronnie Fowler,64023,$6978.69,RED,02/17/1987
Amelia Chandler,67937,$4042.57,RED,03/30/1917
Hester Norton,83235,$4221.82,GREEN,12/01/1900
Caroline Fuller,45158,$2520.49,RED,01/31/1909
Isabella Cunningham,51991,$6717.54,GREEN,02/05/1925
Fanny Bennett,36528,$3277.66,WHITE,01/20/2023
Matilda McDaniel,87861,$7079.89,YELLOW,06/05/2046
Sophia Hughes,51937,$1116.79,YELLOW,07/02/2059
Millie Nash,96496,$12.32,WHITE,06/16/2010
Owen Stone,91397,$6668.25,WHITE,09/29/2003
Ora Park,06571,$8144.42,BLUE,10/21/1995
Vincent Francis,12697,$6718.73,GREEN,05/27/1983
Adrian Lambert,38263,$5957.60,YELLOW,06/08/1986
Genevieve Mitchell,86354,$2521.44,BLUE,04/18/1937
Lester McGuire,88839,$4453.35,RED,04/25/1920
May Hubbard,55269,$7261.15,GREEN,08/17/2028
Elva Lane,70816,$1211.07,RED,01/29/1910
Sue Mason,07511,$5799.95,YELLOW,11/28/2009
Eugenia Morton,52184,$2295.79,YELLOW,09/11/1922
Ricardo Lawrence,17194,$4112.11,WHITE,11/29/1915
Eunice Russell,77307,$4923.22,BLUE,03/29/2042
Dylan Ruiz,45086,$4891.37,BLUE,10/09/1922
Claudia Peters,71300,$6365.90,BLUE,10/21/1930
Eleanor Webster,45156,$9092.51,YELLOW,01/25/2011
Lola Jenkins,19756,$4140.16,GREEN,01/13/2019
Lydia Goodwin,57034,$3107.50,RED,09/05/1924
Jayden Morales,88293,$508.28,RED,10/21/2009
John Green,45934,$4113.39,WHITE,01/18/2048
Austin Love,09199,$1179.53,WHITE,01/10/2048
Jesse Romero,35903,$2107.11,RED,04/08/2058
Lina Phelps,78178,$2965.07,WHITE,08/22/1978
Lura Ortega,66057,$6729.40,YELLOW,11/11/2042
Johnny Walters,26833,$4180.39,RED,02/11/1951
Russell Logan,84480,$7472.61,GREEN,10/22/1954
Katherine Holland,65856,$1365.48,YELLOW,12/06/1901
Eula Colon,23883,$935.96,YELLOW,11/04/1943
Teresa Carson,22426,$7057.14,YELLOW,11/22/1911
Chester Andrews,08870,$5868.45,BLUE,04/27/1913
Jay Nichols,32400,$9805.92,BLUE,12/18/2005
Benjamin Andrews,40295,$8915.31,WHITE,03/15/2006
Lelia Patton,42314,$6673.37,RED,04/08/1904
Thomas Morgan,68427,$2841.72,RED,08/16/2023
Jerry Miller,32942,$227.40,BLUE,09/30/1926
Jessie Cross,71611,$8155.95,BLUE,02/26/1992
Gerald Patterson,16794,$9743.17,WHITE,11/12/1915
Derrick Hernandez,50433,$3006.84,YELLOW,03/22/1920
Devin Bowers,11573,$8941.04,RED,12/22/2064
Noah Klein,07628,$9727.48,YELLOW,01/09/1902
Russell Reynolds,43203,$7092.18,YELLOW,07/06/2051
Alberta Baker,95756,$6683.00,RED,05/16/1955
Bertie Atkins,35259,$7192.16,BLUE,08/29/1929
Rosie Simon,71655,$683.25,WHITE,07/13/2017
Bill Santiago,97046,$1810.26,WHITE,08/15/1987
Charles Stanley,25283,$257.80,GREEN,07/05/2049
Eva Hawkins,43713,$4110.13,YELLOW,09/11/2047
Dollie Owen,91452,$9973.39,BLUE,10/28/2064
Lora Carlson,65379,$8945.28,RED,06/19/2013
Alice Hunter,87719,$5947.67,RED,08/04/2024
Maggie Edwards,92501,$7163.19,BLUE,07/13/2019
Lura Kim,88867,$7867.07,RED,05/27/2069
Victor Jacobs,36182,$4094.10,GREEN,09/19/1995
Lena Hardy,55509,$6241.59,RED,12/02/1915
Matthew Moore,87083,$7758.80,BLUE,11/21/1991
Francis Wallace,61702,$7346.14,WHITE,08/12/1963
Claudia Williams,27014,$993.83,YELLOW,05/17/1983
Gene Byrd,89541,$6963.22,BLUE,06/21/1911
Leona Moore,10478,$3038.03,RED,07/28/1974
Katie Fowler,00649,$2656.79,BLUE,04/02/2007
Douglas Vega,43774,$6257.98,RED,02/09/1943
Luke Fisher,07977,$8116.17,RED,03/18/1966
Lucile Scott,86608,$5494.98,BLUE,04/26/1932
Polly Norton,09437,$8408.35,BLUE,07/30/1930
Ella Beck,61580,$4208.57,YELLOW,08/22/1939
Lester Fields,38022,$5521.76,YELLOW,02/13/1971
Cecilia Coleman,01125,$9813.58,RED,01/12/2034
Nell Byrd,45534,$2375.01,YELLOW,03/22/1976
Leah Cole,76292,$8666.87,WHITE,09/26/1930
Harvey Allen,51038,$7752.69,GREEN,04/16/1991
William Watts,16860,$5891.96,WHITE,07/11/1965
Laura Blake,04880,$1594.63,YELLOW,02/03/2042
Todd Conner,26164,$5215.80,GREEN,07/05/2062
Philip George,66136,$5986.94,GREEN,02/09/1934
Marian Washington,68361,$3033.45,YELLOW,01/27/1931
Antonio Bell,32430,$5868.71,WHITE,04/09/1948
Craig Roy,53665,$3911.44,RED,12/03/1960
Lulu Marshall,98097,$8198.47,RED,05/27/2041
Shane Larson,86612,$6174.67,GREEN,08/08/2034
Viola Hall,15252,$5276.45,YELLOW,12/13/2026
Wayne King,58821,$4953.05,RED,02/27/1992
Blake Robinson,89013,$1401.04,WHITE,06/16/2004
Emilie Dawson,14512,$7319.30,RED,01/16/2027
Carlos Chandler,06965,$4492.15,YELLOW,09/07/2033
Susan Swanson,05611,$6605.36,YELLOW,12/02/1949
Dustin Barber,12488,$2029.98,GREEN,01/18/2056
Edward Nash,64864,$2972.75,GREEN,05/04/2036
Fannie McBride,28558,$4394.81,GREEN,03/20/2009
Maud Arnold,15974,$549.16,RED,01/15/1946
Adrian Hicks,89201,$8230.14,BLUE,01/01/1952
Georgie Paul,91127,$7297.62,BLUE,10/31/2058
Madge Mason,94075,$4212.16,WHITE,06/14/2055
Louis Robbins,36042,$8009.63,RED,01/20/1986
Howard Alvarado,05649,$9838.36,YELLOW,06/05/2026
Joel Reynolds,01178,$6085.11,YELLOW,02/26/2058
Lillian Griffin,98229,$5853.74,YELLOW,12/28/2066
Gerald Marshall,44786,$2796.29,YELLOW,03/22/1903
Samuel Robbins,17248,$7286.18,BLUE,04/23/1920
Sean Ross,65287,$61.32,WHITE,01/10/1957
Dean Cummings,05297,$7325.95,GREEN,05/15/1956
Olivia Evans,22190,$5873.00,WHITE,06/20/2066
Claudia Bates,92747,$9337.14,RED,12/26/2004
Joe Pena,83158,$7652.22,YELLOW,10/08/1970
Charlotte Wheeler,26334,$3421.24,WHITE,10/13/2058
Agnes Howard,43767,$543.15,BLUE,04/06/2011
Chad Clark,51274,$3929.44,YELLOW,01/23/2066
Derek Ramirez,37017,$2594.13,BLUE,10/09/1934
Michael Peters,94660,$5491.63,YELLOW,02/20/2011
Jared Fernandez,70238,$5546.89,GREEN,05/16/2052
Verna Meyer,04367,$2098.19,WHITE,05/09/2066
Justin Norman,77567,$5945.11,GREEN,10/16/2011
Randy Arnold,30609,$2504.04,BLUE,07/12/1964
Jeremiah Daniel,10228,$6686.79,YELLOW,09/18/1970
Dorothy Jimenez,27708,$6731.26,YELLOW,07/21/1905
Marion Scott,91237,$9622.44,WHITE,02/28/1991
Clara Strickland,59841,$2867.25,GREEN,11/22/1967
Leila Fields,42012,$8315.93,GREEN,11/02/2052
Anthony Abbott,14900,$4045.38,YELLOW,02/09/1975
Stephen Poole,97833,$7095.62,GREEN,12/30/2045
Scott James,66509,$2774.80,BLUE,06/12/2044
Mary Stone,85896,$9782.25,GREEN,01/03/1981
Lillian Jennings,14419,$9620.48,YELLOW,11/22/1994
Glenn Moran,83935,$4266.18,GREEN,02/21/1985
Harriet Pope,12222,$9282.04,YELLOW,07/22/1949
Rodney Bryan,30798,$5033.20,WHITE,03/20/2016
Luis Cox,73372,$277.95,RED,08/27/2042
Lee Moss,59659,$8699.57,RED,02/07/2012
Amy McCormick,60042,$1463.12,RED,11/23/1959
Ernest Hill,21444,$4262.92,WHITE,01/18/1917
Johnny Rivera,38784,$9315.81,GREEN,09/25/2068
Phoebe Carr,62019,$3009.12,WHITE,03/15/1974
Cordelia Smith,25868,$734.50,GREEN,03/26/1943
Christopher Neal,12193,$4132.60,GREEN,03/14/1967
Verna Mendez,86388,$9746.68,BLUE,05/07/2022
Dollie Bowers,57635,$2935.46,WHITE,09/05/1993
Eddie Stokes,86624,$3820.35,BLUE,06/07/1936
Annie Collins,22785,$9481.54,YELLOW,08/05/1945
Ian Tucker,75171,$8803.98,YELLOW,10/14/2003
Virgie Jennings,91179,$2156.87,YELLOW,03/31/1949
Clarence Abbott,16467,$7333.57,BLUE,07/26/1928
Charlotte Evans,85345,$8041.21,GREEN,06/04/2053
Todd Brown,23183,$6083.40,BLUE,10/08/1963
Della Klein,28086,$211.71,YELLOW,09/12/1958
Chris Moody,73002,$1442.50,RED,12/02/1906
Tony Willis,60923,$8219.70,YELLOW,04/02/1915
Arthur Sparks,63545,$7049.31,YELLOW,04/25/2049
Curtis Parsons,74120,$2300.05,YELLOW,05/14/1991
Charlotte Rogers,55911,$462.22,YELLOW,02/10/1975
Amanda King,11997,$1621.60,WHITE,01/15/1909
Adam Armstrong,80013,$9449.73,BLUE,11/01/1907
Gussie Barrett,27384,$8289.31,YELLOW,07/30/2011
Melvin Pittman,61035,$4632.90,GREEN,11/11/2065
Micheal Bowman,84685,$5031.39,YELLOW,05/07/2059
Franklin Wilkins,19153,$6547.12,GREEN,08/31/2011
Garrett Wolfe,09995,$1801.02,RED,07/22/1971
Lillian Holmes,75877,$3321.80,GREEN,04/26/2051
Hattie Bryant,86824,$7428.96,RED,04/09/2011
Trevor Clayton,34369,$1805.51,YELLOW,12/16/1941
Lillie Townsend,16207,$3626.80,YELLOW,03/10/1956
Belle Blake,41313,$6163.87,RED,10/12/1978
Violet Jefferson,37620,$2146.92,GREEN,12/25/2033
Susie Bradley,56448,$6817.19,BLUE,07/16/2030
Bertha Summers,99006,$4741.80,GREEN,10/14/2065
Theodore Luna,34033,$8740.40,GREEN,04/24/1996
Kenneth Howell,87045,$1660.35,YELLOW,01/17/1995
Cordelia Ford,71619,$7939.66,YELLOW,01/03/1932
Elva Beck,86298,$8743.01,BLUE,05/24/2014
Winifred Henry,85563,$5054.46,RED,05/05/1973
Rebecca Rice,97991,$7032.99,BLUE,01/29/1969
Jessie Watkins,33812,$3861.56,YELLOW,05/21/1910
Julia Grant,51209,$9300.49,GREEN,02/21/2003
Ellen Welch,81484,$8762.26,YELLOW,07/29/2043
Russell Wood,18033,$5206.51,WHITE,10/10/1960
Bill Craig,03179,$1629.34,GREEN,06/10/1994
Vera Fletcher,66266,$8420.00,BLUE,07/27/1973
Zachary Salazar,18123,$8849.35,WHITE,04/19/2059
Bill Ortega,92169,$8591.07,RED,08/30/1919
Alexander Mann,09631,$981.95,YELLOW,03/26/2003
Rhoda Mendoza,95110,$2110.51,WHITE,03/13/2016
Ollie Norris,70649,$1773.01,WHITE,12/12/1944
Estelle Powers,02267,$8779.91,YELLOW,03/19/1981
Calvin Hunt,32748,$7083.37,YELLOW,01/31/2063
Phillip Rodriquez,36848,$4389.08,YELLOW,09/03/1970
Millie Clarke,86709,$3866.92,BLUE,06/03/1961
Ophelia Abbott,67274,$2416.50,WHITE,04/15/2007
Louis Jenkins,86385,$45.33,GREEN,03/27/1904
Ricardo Nunez,86781,$9503.43,BLUE,01/29/1925
Laura Owens,17632,$1532.04,RED,04/27/1962
Sallie Mann,76231,$4414.15,GREEN,07/22/2006
Louis Burns,22303,$4973.96,GREEN,04/23/2027
Tyler Daniels,42886,$8581.06,WHITE,10/29/2059
Alta Torres,16978,$61.48,WHITE,06/04/2012
Nora Stevens,53552,$1043.18,RED,03/18/2029
Eugene Sandoval,68155,$8144.93,RED,02/07/1912
Lillie Brock,37304,$3755.96,RED,07/22/1973
Lou Mack,13381,$2144.36,GREEN,10/24/1973
Donald King,62105,$4614.74,RED,08/26/2018
Maggie Carlson,72384,$2657.63,RED,10/22/1904
Sylvia Cobb,38536,$7382.11,GREEN,06/19/1989
Gavin Reynolds,14048,$8958.80,WHITE,01/11/2003
Wayne Hayes,71976,$7174.49,BLUE,06/27/2038
Delia Gibson,08279,$2637.99,YELLOW,03/16/1931
Sara Griffin,98165,$8578.30,YELLOW,10/22/2038
Mitchell Brooks,39709,$4854.25,RED,05/20/1908
Minnie Hines,53408,$8394.42,BLUE,03/04/1966
Mabelle Dean,34038,$9223.94,RED,01/04/1996
Betty Tucker,89900,$540.62,WHITE,10/11/2066
Willie Maldonado,67307,$5072.74,RED,05/03/1985
Bernice French,67593,$9958.52,WHITE,01/31/1937
Marian Alexander,24966,$9506.38,YELLOW,10/14/1968
Daniel Roberts,74831,$6842.40,YELLOW,12/17/2049
Janie Moran,50356,$2509.61,WHITE,12/06/1947
Sarah Curry,02119,$8312.48,RED,09/16/1982
Cordelia Caldwell,95167,$416.16,BLUE,05/05/1901
Angel Lucas,64959,$5553.07,BLUE,09/09/1991
Bill Lyons,57603,$8134.88,GREEN,06/10/2026
Rosa Dixon,07821,$2671.53,RED,01/03/1917
Gerald West,62760,$6100.50,GREEN,04/26/2045
Michael Herrera,52986,$2931.81,RED,04/27/2048
Howard Stanley,32383,$7405.86,WHITE,11/13/1921
Virgie Logan,86921,$9492.05,WHITE,02/11/1939
Julian Ross,33432,$5678.38,WHITE,11/29/2007
Terry Greer,12932,$6116.38,RED,05/04/1991
Rodney Reynolds,19204,$177.00,YELLOW,10/21/2021
Cordelia Sandoval,40138,$2266.81,RED,05/23/1924
Lottie Ferguson,19327,$4936.96,WHITE,08/13/2023
Chris Griffin,46229,$3260.41,WHITE,12/28/2012
Jeff Ramirez,04746,$5424.29,BLUE,10/12/1981
Lee Colon,25176,$6997.74,GREEN,09/18/1980
Gussie Garza,91536,$8450.52,RED,09/26/1913
Raymond Townsend,82562,$9933.98,GREEN,03/11/1974
Birdie Fields,47064,$8676.75,BLUE,11/19/1925
Earl Todd,02272,$9833.24,WHITE,02/11/1999
Agnes Hodges,09836,$7331.03,YELLOW,03/03/2027
Alejandro Martinez,02105,$5593.54,BLUE,11/30/2031
Sallie Chandler,97006,$4306.93,WHITE,02/14/1979
Jonathan Carlson,37934,$6512.75,YELLOW,07/14/2029
Mitchell Holland,28112,$7150.99,RED,12/30/2055
Cole Willis,49297,$2880.05,BLUE,08/27/1953
Alma Todd,22237,$2172.99,WHITE,03/02/1983
Aaron Manning,88631,$5435.45,WHITE,11/29/2015
Jennie Harris,48982,$5908.40,YELLOW,02/09/2006
Cody Riley,15349,$5005.63,GREEN,08/30/1937
Frank Clayton,68163,$8369.98,BLUE,02/18/2023
Arthur Powell,57582,$6901.53,WHITE,11/07/1998
Johanna Mathis,10200,$4078.16,GREEN,08/04/1933
Henrietta Joseph,59859,$602.75,BLUE,10/10/2070
Mamie Mills,93454,$8928.12,RED,09/09/1961
Raymond George,79826,$7138.85,BLUE,10/31/1938
Kate Wallace,49903,$6105.12,GREEN,06/30/2024
Nicholas Glover,48370,$1797.97,RED,04/09/2008
Augusta Parks,33795,$7684.93,YELLOW,03/14/2043
Mittie Cooper,13228,$671.55,RED,01/22/2056
Frances Cruz,63659,$3752.77,YELLOW,03/13/1953
Harold Allen,06918,$9397.80,GREEN,12/25/2053
Jose Hamilton,14362,$6239.05,WHITE,07/18/1937
Jonathan Russell,84984,$6731.43,YELLOW,08/19/1989
Minnie Armstrong,22889,$4844.74,BLUE,10/12/1961
Adrian Reyes,57005,$7423.46,YELLOW,11/09/2018
Rachel Fernandez,06980,$1526.00,RED,07/20/2019
Helena Gibbs,55411,$5980.17,WHITE,04/02/1974
Dylan Hubbard,09061,$1985.56,RED,08/28/2042
Lucy Williamson,48772,$7633.11,WHITE,04/24/2047
Dora Palmer,61727,$1082.22,YELLOW,07/27/1952
Lenora Pittman,92757,$4865.24,WHITE,04/17/2002
Daisy Hoffman,75169,$2351.99,RED,12/17/1904
Anthony Boyd,30388,$3877.80,GREEN,12/29/1976
Sophie Crawford,81057,$7809.59,BLUE,09/15/1963
Daniel Jefferson,74272,$17.86,GREEN,02/26/1909
Cora Chandler,33552,$2042.48,WHITE,10/01/1943
Dean Jensen,79508,$7082.49,GREEN,04/01/1923
Tony Byrd,87998,$7170.73,YELLOW,08/30/1906
Rachel Bailey,45662,$885.15,YELLOW,10/27/2066
Elizabeth Griffin,22173,$9689.52,RED,02/03/2068
Alice Austin,66155,$2855.93,BLUE,08/24/2002
Bernice Shelton,50292,$7847.90,YELLOW,11/17/1970
Johnny Alexander,04655,$3083.98,RED,05/29/2047
Jose Lucas,31598,$9949.34,WHITE,03/03/1959
Joseph Adams,71892,$3539.16,GREEN,03/18/1961
Cody Chandler,85299,$863.47,YELLOW,06/04/1900
Lucas George,56344,$5311.89,BLUE,07/29/1947
Nathan Richards,10428,$3275.33,RED,10/26/2068
Jennie Salazar,49468,$16.62,BLUE,05/27/1973
Matthew Martin,79254,$2746.08,BLUE,07/23/2041
Cameron Davis,02243,$698.28,BLUE,01/09/1987
Dylan Lyons,41235,$8421.39,YELLOW,10/31/2052
Marc Rose,86936,$8933.64,GREEN,10/21/2005
Fred Marshall,82572,$5340.11,BLUE,06/29/1975
Katie Stewart,76725,$7151.49,GREEN,06/20/1992
Paul Kelly,33430,$8979.26,GREEN,09/28/2020
Larry Simpson,98798,$5784.36,YELLOW,06/27/2048
Franklin Cole,25244,$8555.11,BLUE,04/23/1914
Caleb Lynch,28381,$2246.14,WHITE,07/25/1905
Cecilia Ramirez,98306,$8950.10,WHITE,08/02/1932
Randall Ortega,09216,$2878.59,BLUE,02/15/2014
Winnie Jordan,16272,$9172.59,GREEN,02/24/1968
Bryan Elliott,68455,$3356.29,RED,06/20/1960
Louis Osborne,47212,$4865.40,GREEN,03/22/2052
Anne Nichols,50716,$628.48,RED,05/29/1956
Katie Day,25494,$6916.73,GREEN,11/20/1982
Gregory Watkins,43487,$5977.22,YELLOW,09/17/2048
Lucinda Murphy,51816,$3544.18,WHITE,03/23/2049
Jane Patton,73965,$1319.81,YELLOW,06/14/1951
Martha Hudson,59530,$178.31,YELLOW,04/11/1938
Larry Edwards,45776,$9570.32,RED,12/23/1930
Myrtie Hale,42715,$346.13,GREEN,07/15/2049
Dorothy Wagner,69431,$9204.66,BLUE,09/27/1923
Ann Matthews,74533,$6782.31,WHITE,06/18/1920
Christian Pearson,90972,$1253.41,GREEN,10/26/2070
Millie Mack,36036,$3090.53,RED,12/29/2029
Loretta Colon,99155,$4308.19,BLUE,02/08/2030
Kenneth Craig,86129,$8392.09,WHITE,02/11/1960
Georgie Morrison,53332,$754.54,BLUE,12/12/1977
Lena Roberts,46402,$1493.14,RED,07/25/2015
Florence Howell,88250,$5433.50,WHITE,11/13/2008
Dylan Sherman,09901,$3172.37,GREEN,01/13/2013
Dominic Flores,44967,$4185.67,BLUE,07/18/2047
Lloyd Sparks,00054,$1219.04,BLUE,06/10/1963
Dean Bradley,37263,$5894.05,GREEN,07/21/2001
Mildred Bates,63448,$5448.97,RED,01/30/1946
Louisa Powell,11375,$9501.55,WHITE,09/29/1907
Clifford Colon,24609,$4254.58,BLUE,04/18/1920
Myra Hopkins,83998,$5985.84,GREEN,02/17/1997
Alexander Powell,90995,$629.35,GREEN,09/16/2048
Frank Stevenson,36664,$5619.17,YELLOW,03/25/1912
Wayne Gray,14104,$2856.78,RED,08/08/1970
Harold Lopez,44309,$8605.81,RED,09/04/2035
Tillie Park,60011,$3982.51,BLUE,09/12/1914
Martha Richardson,20954,$2037.83,RED,08/08/2065
Curtis Ramsey,85582,$1593.28,YELLOW,08/02/1990
Lucile Jones,94591,$4353.85,RED,09/15/2027
Jayden Rivera,30465,$309.00,BLUE,03/31/1978
Alan Fitzgerald,27698,$8621.52,BLUE,09/26/2021
Dean Blair,75963,$8530.49,WHITE,01/17/2022
Augusta Patton,31773,$4493.84,RED,08/28/1913
Shawn Flowers,35596,$4086.17,YELLOW,09/08/1989
Edith Sandoval,23249,$831.44,BLUE,05/23/2016
Julian Townsend,60220,$9668.85,BLUE,09/07/1914
Olga Walsh,93410,$2556.82,YELLOW,02/05/2042
Gilbert Barber,89851,$7953.67,YELLOW,06/01/1989
